{
  "sweep": {
    "ccm": {
      "eta": [
        0.9879999999999998,
        0.9879999999999998,
        0.9879999999999998,
        0.9879999999999998,
        0.9879999999999998,
        0.9879999999999998,
        0.9879999999999998,
        0.9879999999999998,
        0.9879999999999998,
        0.9879999999999998
      ],
      "qef": [
        76.0,
        76.0,
        76.0,
        76.0,
        76.0,
        76.0,
        76.0,
        76.0,
        76.0,
        76.0
      ],
      "switches": [
        0.0,
        0.0,
        0.0,
        0.0,
        0.0,
        0.0,
        0.0,
        0.0,
        0.0,
        0.0
      ]
    },
    "rule": {
      "eta": [
        2.084306666666667,
        2.0744999999999996,
        2.076086666666667,
        2.0798566666666667,
        2.0806799999999996,
        2.0796166666666664,
        2.07073,
        2.0786433333333334,
        2.07495,
        2.0774633333333337
      ],
      "qef": [
        47.333333333333336,
        47.333333333333336,
        47.333333333333336,
        47.333333333333336,
        47.333333333333336,
        47.66666666666667,
        47.66666666666667,
        47.0,
        47.333333333333336,
        47.333333333333336
      ],
      "switches": [
        42.0,
        42.0,
        42.0,
        42.0,
        42.0,
        41.0,
        43.0,
        42.0,
        41.0,
        42.0
      ]
    },
    "dqn": {
      "eta": [
        1.43214,
        1.4468399999999997,
        1.438633333333333,
        1.4343233333333334,
        1.4280166666666665,
        1.4334999999999998,
        1.4159133333333334,
        1.432913333333333,
        1.4358299999999997,
        1.4405499999999998
      ],
      "qef": [
        68.66666666666667,
        70.33333333333334,
        70.0,
        69.33333333333334,
        70.33333333333334,
        71.66666666666667,
        72.33333333333334,
        70.33333333333334,
        71.33333333333334,
        70.66666666666667
      ],
      "switches": [
        49.0,
        57.0,
        66.0,
        47.0,
        63.0,
        60.0,
        52.0,
        46.0,
        51.0,
        71.0
      ]
    }
  },
  "leo": {
    "ccm": {
      "eta": [
        0.9879999999999998,
        0.9879999999999998,
        0.9879999999999998,
        0.9879999999999998,
        0.9879999999999998,
        0.9879999999999998,
        0.9879999999999998,
        0.9879999999999998,
        0.9879999999999998,
        0.9879999999999998
      ],
      "qef": [
        99.80701965987215,
        99.96381618622603,
        99.75877457484019,
        100.0,
        99.72259076106621,
        99.97587745748402,
        99.40899770835846,
        99.3607526233265,
        99.68640694729226,
        100.0
      ],
      "switches": [
        0.0,
        0.0,
        0.0,
        0.0,
        0.0,
        0.0,
        0.0,
        0.0,
        0.0,
        0.0
      ]
    },
    "rule": {
      "eta": [
        3.0155679652635388,
        3.0012298878301773,
        3.0287512965866603,
        3.0207878422385717,
        3.0461174767820527,
        3.0341745265951032,
        2.9811965987215054,
        2.967299360752623,
        3.0239903509829937,
        3.0266912314557954
      ],
      "qef": [
        64.44337233144374,
        63.57496080086841,
        64.68459775660355,
        64.41924978892776,
        65.98721505246652,
        65.5047642021469,
        64.40718851766977,
        66.56615607285008,
        64.08153419370402,
        66.36111446146424
      ],
      "switches": [
        390.0,
        371.0,
        432.0,
        405.0,
        390.0,
        410.0,
        409.0,
        422.0,
        459.0,
        408.0
      ]
    },
    "dqn": {
      "eta": [
        1.7704533831865876,
        1.7744120130261727,
        1.761384875165842,
        1.7747029308889155,
        1.773825955855747,
        1.77513279459655,
        1.7620121818839705,
        1.7554531419611623,
        1.765684356531178,
        1.7827398383789648
      ],
      "qef": [
        91.93100952840429,
        91.32794596550477,
        91.38825232179471,
        92.28078639488602,
        92.14811241104812,
        91.76215173079243,
        91.6777228319865,
        90.36304426486552,
        91.24351706669883,
        91.38825232179471
      ],
      "switches": [
        854.0,
        883.0,
        968.0,
        856.0,
        866.0,
        879.0,
        925.0,
        936.0,
        944.0,
        800.0
      ]
    }
  },
  "rain_fade": {
    "ccm": {
      "eta": [
        0.9879999999999997,
        0.9879999999999997,
        0.9879999999999997,
        0.9879999999999997,
        0.9879999999999997,
        0.9879999999999997,
        0.9879999999999997,
        0.9879999999999997,
        0.9879999999999997,
        0.9879999999999997
      ],
      "qef": [
        100.0,
        100.0,
        100.0,
        100.0,
        100.0,
        100.0,
        100.0,
        100.0,
        100.0,
        100.0
      ],
      "switches": [
        0.0,
        0.0,
        0.0,
        0.0,
        0.0,
        0.0,
        0.0,
        0.0,
        0.0,
        0.0
      ]
    },
    "rule": {
      "eta": [
        3.0655582685904554,
        3.0661309655937856,
        3.0669178690344063,
        3.0708845726970035,
        3.060366259711432,
        3.06668923418424,
        3.06664372918979,
        3.0663618201997784,
        3.0492230854606,
        3.064913429522753
      ],
      "qef": [
        67.7025527192009,
        67.7025527192009,
        65.8157602663707,
        66.70366259711432,
        67.81354051054383,
        67.81354051054383,
        65.70477247502775,
        63.374028856825745,
        70.36625971143174,
        69.03440621531631
      ],
      "switches": [
        20.0,
        20.0,
        19.0,
        20.0,
        22.0,
        19.0,
        18.0,
        18.0,
        23.0,
        19.0
      ]
    },
    "dqn": {
      "eta": [
        1.7784261931187566,
        1.790745837957824,
        1.7834350721420638,
        1.7833218645948943,
        1.7901531631520529,
        1.7772330743618199,
        1.7847724750277463,
        1.7788079911209764,
        1.7895527192008875,
        1.7700277469478354
      ],
      "qef": [
        94.33962264150944,
        93.78468368479467,
        94.45061043285239,
        94.11764705882352,
        93.56270810210877,
        93.67369589345172,
        92.89678135405104,
        92.89678135405104,
        93.45172031076582,
        94.45061043285239
      ],
      "switches": [
        74.0,
        105.0,
        80.0,
        83.0,
        92.0,
        81.0,
        94.0,
        89.0,
        94.0,
        74.0
      ]
    }
  }
}